Name,Prices
คอมพานี บี สันคอวัวสไลซ์ แช่แข็ง 1.5 มม. 500 ก.,"[235.0, 235.0]"
คอมพานี บี เนื้อล้วนบดแช่แข็ง วัวออสเตรเลีย 1 กก.,"[315.0, 315.0]"
นิดา สันนอกวัวตัดสเต็กแช่แข็ง 1 กก.,"[439.0, 439.0]"
นิดาบีฟ สันแหลมวัวสเต็กแช่แข็ง 1 กก.,"[918.0, 918.0]"
นิดาบีฟ เนื้อใบพายวัวโคขุนสไลซ์ แช่แข็ง 500 ก.,"[199.0, 199.0]"
ประกอบบีฟ เนื้อโคขุนบดเกรดแช่แข็ง 1 กก.,"[290.0, 290.0]"
ประกอบบีฟ เนื้อโคขุนบดแช่แข็ง 1 กก.,"[275.0, 275.0]"
มีนาฟู้ดส์ เนื้อวัวบดแช่แข็ง 1 กก.,"[170.0, 170.0]"
สันนอกวัว ออสเตรเลีย 1 ชิ้น (1-2.5 กก./ชิ้น),"[1407.0, 1407.0]"
สันนอกวัวออสเตรเลีย ขุน 100 วัน กก.ละ,"[600.0, 600.0]"
สันนอกวัวออสเตรเลีย ตัดชิ้น กก.ละ,"[510.0, 510.0]"
สันนอกวัวแองกัสออสเตรเลีย กก.ละ,"[860.0, 860.0]"
สันนอกวัวแองกัสออสเตรเลีย ตัดชิ้น กก.ละ,"[890.0, 890.0]"
สันแหลมวัว ออสเตรเลีย 1 ชิ้น (ประมาณ 1.3-2.0 กก./ชิ้น),"[1280.0, 1280.0]"
สันแหลมวัวออสเตรเลีย ขุน 100 วัน กก.ละ,"[970.0, 970.0]"
สันแหลมวัวออสเตรเลีย ขุน 100 วัน ตัดชิ้น,"[1000.0, 1000.0]"
สันแหลมวัวออสเตรเลียตัดชิ้น กก.ละ,"[620.0, 620.0]"
หมูนุ่มหมักน้ํามันงาแช่แข็ง 1 กก.,[135.0]
เกรท เอ็มเพอร์เร่อร์ ฟู้ดส์ เนื้อวัวหมักนุ่มแช่แข็ง 1 กก.,"[145.0, 145.0]"
เนื้อพิคานย่าวัวออสเตรเลีย กก.ละ,"[540.0, 540.0]"
เนื้อพิคานย่าวัวออสเตรเลีย ตัดสเต็ก กก.ละ,"[560.0, 560.0]"
เนื้อพิคานย่าออสเตรเลีย ขุน 100 วัน กก.ละ,"[590.0, 590.0]"
เนื้อพิคานย่าออสเตรเลีย ขุน100 วัน ตัดชิ้น,"[620.0, 620.0]"
เนื้อเสียบไม้โคขุนโพนยางคําแช่แข็ง 400 ก.,"[139.0, 139.0]"
เอฟบี เชฟ สันแหลมวัวสเต็กแช่แข็ง 200 ก.,"[469.0, 469.0]"
โปร บุชเชอร์ สันคอบราห์มันสเต็ก 250 ก.,"[110.0, 110.0]"
โปร บุชเชอร์ สันนอกวัวนมดรายเอจ 21 วัน 250 ก.,"[240.0, 240.0]"
โปร บุชเชอร์ สันแหลมบราห์มันสเต็ก 250 ก. x 8,"[896.0, 896.0]"
โปร บุชเชอร์ สันแหลมวัวนมสเต็ก 250 ก.,"[199.0, 199.0]"
โปร บุชเชอร์ สันแหลมวัวนมสเต็ก 250 ก. x 8,"[1736.0, 1736.0]"
โปร บุชเชอร์ หมูหมักนุ่มแช่แข็ง 1 กก.,[125.0]
โปร บุชเชอร์ เนื้อบดบราห์มัน 300 ก.,"[85.0, 85.0]"
โปร บุชเชอร์ เนื้อบดโคขุนดรายเอจ 300 ก.,"[100.0, 100.0]"
โปร บุชเชอร์ เนื้อวัวนมบด 300 ก.,[79.0]
โปร บุชเชอร์ เนื้อวัวนมหั่นชิ้น 270 ก.,[89.0]
โปร บุชเชอร์ เนื้อวัวนมหั่นเต๋า 300 ก.,"[89.0, 89.0]"
โปร บุชเชอร์ เนื้อแดงบราห์มัน 300 ก.,[95.0]
โปร บุชเชอร์ เนื้อแดงวัวนมตัดชิ้น 300 ก.,[89.0]
โปร บุชเชอร์ เสือร้องไห้ไทยวากิว 300 ก.,[185.0]
โปรบุชเชอร์ สันคอวัวตัดสเต็ก ดรายเอจ 21 วัน 300 ก.,[150.0]
โปรบุชเชอร์ สันคอแองกัสสเต๊ก MS4+ 300 ก.,"[170.0, 170.0]"
โปรบุชเชอร์ สันคอไทยวากิวสเต๊ก 300 ก.,"[310.0, 310.0]"
โปรบุชเชอร์ สันนอกบราห์มันสเต็ก 250 ก.,"[115.0, 115.0]"
โปรบุชเชอร์ สันนอกวัว ดรายเอจ 21 วัน 260 ก.,"[235.0, 235.0]"
โปรบุชเชอร์ สันนอกวัวนมสเต็ก 250 ก.,"[199.0, 199.0]"
โปรบุชเชอร์ สันนอกสเต๊กแองกัส Ms4+ 260 ก.,"[280.0, 280.0]"
โปรบุชเชอร์ สันนอกไทยวากิวสเต๊ก 270 ก.,"[325.0, 325.0]"
โปรบุชเชอร์ สันสะโพกบราห์มันสเต็ก 300 ก.,"[120.0, 120.0]"
โปรบุชเชอร์ สันสะโพกสเต๊กวัว ดรายเอจ 21 วัน 300 ก.,"[140.0, 140.0]"
โปรบุชเชอร์ สันสะโพกแองกัสสเต๊ก MS4+ 300 ก.,"[155.0, 155.0]"
โปรบุชเชอร์ สันสะโพกแองกัสสไลซ์ แช่แข็ง Ms4+ 500 ก.,"[240.0, 240.0]"
โปรบุชเชอร์ สันสะโพกไทยวากิว 300 ก.,"[225.0, 225.0]"
โปรบุชเชอร์ สันแหลมบราห์มันสเต็ก 250 ก.,"[115.0, 115.0]"
โปรบุชเชอร์ สันแหลมแองกัสสเต๊ก MS4+ 330 ก.,"[350.0, 350.0]"
โปรบุชเชอร์ สันแหลมโคขุน ดรายเอจ 21 วัน 330 ก.,"[290.0, 290.0]"
โปรบุชเชอร์ สันแหลมไทยวากิวสเต็ก 330 ก.,"[480.0, 480.0]"
โปรบุชเชอร์ สันในบราห์มันสเต็ก 300 ก.,"[155.0, 155.0]"
โปรบุชเชอร์ เนื้อบดแองกัส Ms4+ 300 ก.,[129.0]
โปรบุชเชอร์ เนื้อบราห์มันหั่นเต๋า 300 ก.,"[95.0, 95.0]"
โปรบุชเชอร์ เนื้อร่องซี่โครงวัว 300 ก.,[130.0]
โปรบุชเชอร์ เนื้อวัวหั่นเต๋า ดรายเอจ 21 วัน 250 ก.,"[95.0, 95.0]"
โปรบุชเชอร์ เนื้อสันคอแองกัสสไลซ์แช่แข็ง Ms 4+ 500 ก.,"[299.0, 299.0]"
โปรบุชเชอร์ เนื้อสันคอไทยวากิวสไลซ์แช่แข็ง 250 ก.,"[350.0, 350.0]"
โปรบุชเชอร์ เนื้อสันแหลมไทยวากิวสเต๊กแช่แข็ง 330 ก.,"[395.0, 395.0]"
โปรบุชเชอร์ เนื้อเสือร้องไห้ตัดชิ้น 300 ก.,[120.0]
โปรบุชเชอร์ เนื้อแดงวัว ดรายเอจ 21 วัน 300 ก.,"[100.0, 100.0]"
โปรบุชเชอร์ เนื้อแดงไทยวากิว 300 ก.,[175.0]
โปรบุชเชอร์ เนื้อใบพายแองกัสสไลซ์แช่แข็ง Ms 4+ 500 ก.,[349.0]
โปรบุชเชอร์ ไก่หมักน้ํามันงาแช่แข็ง 1 กก.,[92.0]
โพนยางคํา สันนอกโคขุนตัดสเต็ก แช่แข็ง 500 ก.,"[459.0, 459.0]"
ไพร์ม มีท นิวซีแลนด์ สันนอกวัวตัดสเต๊กแช่แข็ง 200 ก.,"[129.0, 129.0]"
ไพร์ม มีท สันนอกวัววากิวญี่ปุ่นสเต๊กแช่แข็ง เอ3 400 ก.,"[1169.0, 1169.0]"
ไพร์ม มีท สันนอกวัวออสเตรเลียสเต๊ก 200 ก.,"[140.0, 140.0]"
ไพร์ม มีท สันนอกวัวอเมริกาสเต๊กแช่แข็ง 200 ก.,"[340.0, 340.0]"
ไพร์ม มีท สันแหลมวัวนิวซีแลนด์ตัดสเต๊กแช่แข็ง 200 ก.,"[150.0, 150.0]"
ไพร์ม มีท สันแหลมวัววากิวญี่ปุ่นสเต๊กแช่แข็ง เอ3 200 ก.,"[580.0, 580.0]"
ไพร์ม มีท สันแหลมวัววากิวออสเตรเลียตัดสเต็ก 200 ก.,"[579.0, 579.0]"
ไพร์ม มีท สันแหลมวัวอเมริกาสเต๊กแช่แข็ง 200 ก.,"[479.0, 479.0]"
ไพร์ม มีท เก็นไมคุโรชิวากิวญี่ปุ่นสันนอกวัวสเต็กแช่แข็ง A3 200 ก.,"[590.0, 590.0]"
ไพร์ม มีท เนื้อสันนอกคาโกชิม่าญี่ปุ่น เอ5 สเต็ก 400 ก.,"[1690.0, 1690.0]"
ไพร์ม มีท เนื้อสันนอกวัววากิวสเต็ก เอ5 200 ก.,"[870.0, 870.0]"
ไพร์ม มีท เนื้อสันแหลมคาโกชิม่าญี่ปุ่น เอ5 สเต็ก 200 ก.,"[850.0, 850.0]"
ไพร์ม มีท เนื้อสันแหลมคาโกชิม่าญี่ปุ่น เอ5 สเต็ก 400 ก.,"[1650.0, 1650.0]"
ไพร์ม มีท เนื้อสไลซ์ปรุงรสญี่ปุ่นแช่แข็ง 500 ก.,"[149.0, 149.0]"
